{
    "content": [
        {
            "path": "manifest.json"
        },
        {
            "path": "materials/common.json"
        },
        {
            "path": "materials/fancy.json"
        },
        {
            "path": "materials/hologram.material"
        },
        {
            "path": "materials/sad.json"
        },
        {
            "path": "materials/terrain.material"
        },
        {
            "path": "materials/ui.material"
        },
        {
            "path": "materials/ui3D.material"
        },
        {
            "path": "texts/en_US.lang"
        },
        {
            "path": "texts/languages.json"
        },
        {
            "path": "texts/language_names.json"
        },
        {
            "path": "textures/textures_list.json"
        },
        {
            "path": "textures/ui/cross_hair.png"
        },
        {
            "path": "textures/ui/White.json"
        },
        {
            "path": "textures/ui/White.png"
        },
        {
            "path": "ui/startup_screen.json"
        },
        {
            "path": "ui/_ui_defs.json"
        }
    ]
}
