{
  "minecraft:entity": {
    "format_version": "1.6.0",

    "component_groups": {
      "minecraft:ocelot_baby": {
        "minecraft:is_baby": {
        },
        "minecraft:scale": {
          "value": 0.5
        },
        "minecraft:ageable": {
          "duration": 1200,
          "feedItems": [ "fish", "salmon" ],
          "grow_up": {
            "event": "minecraft:ageable_grow_up",
            "target": "self"
          }
        }
      },

      "minecraft:ocelot_adult": {
        "minecraft:loot": {
          "table": "loot_tables/entities/ocelot.json"
        },
        "minecraft:scale": {
          "value": 1
        },
        "minecraft:behavior.breed": {
          "priority": 3,
          "speed_multiplier": 1.0
        },
        "minecraft:breedable": {
          "requireTame": true,
          "allowSitting": true,
          "breedsWith": {
            "mateType": "minecraft:ocelot",
            "babyType": "minecraft:ocelot",
            "breed_event": {
              "event": "minecraft:entity_born",
              "target": "baby"
            }
          },
          "breedItems": [ "fish", "salmon" ]
        }
      },
      "minecraft:ocelot_wild": {
        "minecraft:variant": {
          "value": 0
        },
        "minecraft:health": {
          "value": 10,
          "max": 10
        },
        "minecraft:tameable": {
          "probability": 0.33,
          "tameItems": [ "fish", "salmon" ],
          "tame_event": {
            "event": "minecraft:on_tame",
            "target": "self"
          }
        },
        "minecraft:behavior.avoid_mob_type": {
          "priority": 5,
          "entity_types": [
            {
              "filters": {
                "test": "is_family",
                "subject": "other",
                "value": "player"
              },
              "max_dist": 10,
              "walk_speed_multiplier": 0.8,
              "sprint_speed_multiplier": 1.33
            }
          ]
        },
        "minecraft:behavior.nearest_attackable_target": {
          "priority": 1,
          "attack_interval": 10,
          "reselect_targets": true,
          "within_radius": 16.0,
          "entity_types": [
            {
              "filters": {
                "test": "is_family",
                "subject": "other",
                "value": "chicken"
              },
              "max_dist": 8
            },
            {
              "filters": {
                "all_of": [
                  {
                    "test": "is_family",
                    "subject": "other",
                    "value": "baby_turtle"
                  },
                  {
                    "test": "in_water",
                    "subject": "other",
                    "operator": "!=",
                    "value": true
                  }
                ]
              },
              "max_dist": 8
            }
          ]
        },
        "minecraft:rideable": {
          "seat_count": 1,
          "family_types": [
            "zombie"
          ],
          "seats": {
            "position": [ 0.0, 0.35, 0.0 ]
          }
        }
      },
      "minecraft:ocelot_tame": {
        "minecraft:is_tamed": {
        },
        "minecraft:health": {
          "value": 20,
          "max": 20
        },
        "minecraft:sittable": {
        },
        "minecraft:leashable": {
          "soft_distance": 4.0,
          "hard_distance": 6.0,
          "max_distance": 10.0,
          "on_leash": {
            "event": "minecraft:on_leash",
            "target": "self"
          },
          "on_unleash": {
            "event": "minecraft:on_unleash",
            "target": "self"
          }
        },
        "minecraft:behavior.follow_owner": {
          "priority": 4,
          "speed_multiplier": 1.0,
          "start_distance": 10,
          "stop_distance": 2
        },
        "minecraft:behavior.stay_while_sitting": {
          "priority": 3
        },
        "minecraft:behavior.ocelot_sit_on_block": {
          "priority": 6,
          "speed_multiplier": 1.0
        }
      },
      "minecraft:ocelot_leashed": {
        "minecraft:behavior.move_towards_restriction": {
          "priority": 2,
          "speed_multiplier": 1.0
        }
      },
      "minecraft:ocelot_tuxedo": {
        "minecraft:variant": {
          "value": 1
        }
      },
      "minecraft:ocelot_tabby": {
        "minecraft:variant": {
          "value": 2
        }
      },
      "minecraft:ocelot_siamese": {
        "minecraft:variant": {
          "value": 3
        }
      }
    },

    "components": {
      "minecraft:attack_damage": {
        "value": 4
      },
      "minecraft:identifier": {
        "id": "minecraft:ocelot"
      },
      "minecraft:nameable": {
      },
      "minecraft:type_family": {
        "family": [ "ocelot" ]
      },
      "minecraft:breathable": {
        "totalSupply": 15,
        "suffocateTime": 0
      },
      "minecraft:health": {
        "value": 10,
        "max": 10
      },
      "minecraft:collision_box": {
        "width": 0.6,
        "height": 0.7
      },
      "minecraft:movement": {
        "value": 0.3
      },
      "minecraft:navigation.walk": {
        "can_float": true,
        "avoid_water": true,
        "avoid_damage_blocks": true
      },
      "minecraft:movement.basic": {
        
      },
      "minecraft:jump.static": {
      },
      "minecraft:can_climb": {
      },
      "minecraft:fall_damage": {
        "value": 0.0
      },
      "minecraft:behavior.float": {
        "priority": 0
      },
      "minecraft:behavior.tempt": {
        "priority": 4,
        "speed_multiplier": 0.5,
        "within_radius": 16,
        "can_get_scared": true,
        "items": [
          "fish",
          "salmon"
        ]
      },
      "minecraft:behavior.mount_pathing": {
        "priority": 1,
        "speed_multiplier": 1.25,
        "target_dist": 0,
        "track_target": true
      },
      "minecraft:behavior.leap_at_target": {
        "priority": 3,
        "target_dist": 0.3
      },
      "minecraft:behavior.ocelotattack": {
        "priority": 4,
        "walk_speed_multiplier": 0.8,
        "sprint_speed_multiplier": 1.33,
        "sneak_speed_multiplier": 0.6
      },
      "minecraft:behavior.random_stroll": {
        "priority": 8,
        "speed_multiplier": 0.8
      },
      "minecraft:behavior.look_at_player": {
        "priority": 9
      },
	    "minecraft:physics": {
      }
    },

    "events": {
      "minecraft:entity_spawned": {
        "sequence": [
          {
            "randomize": [
              {
                "weight": 3,
                "remove": {
                },
                "add": {
                  "component_groups": [
                    "minecraft:ocelot_adult",
                    "minecraft:ocelot_wild"
                  ]
                }
              },
              {
                "weight": 1,
                "remove": {
                },
                "add": {
                  "component_groups": [
                    "minecraft:ocelot_baby",
                    "minecraft:ocelot_wild"
                  ]
                }
              }
            ]
          }
        ]
      },

      "minecraft:entity_born": {
        "sequence": [
          {
            "filters": { "test": "has_component", "operator": "!=", "value": "minecraft:is_baby"},
            "remove": {
            },
            "add": {
              "component_groups": [
                "minecraft:ocelot_baby",
                "minecraft:ocelot_tame"
              ]
            }
          }
        ]
      },

      "minecraft:entity_born_wild": {
        "remove": {
          "component_groups": [
            "minecraft:ocelot_tame"
          ]
        },
        "add": {
          "component_groups": [
            "minecraft:ocelot_baby",
            "minecraft:ocelot_wild"
          ]
        }
      },

      "minecraft:ageable_grow_up": {
        "remove": {
          "component_groups": [
            "minecraft:ocelot_baby"
          ]
        },
        "add": {
          "component_groups": [
            "minecraft:ocelot_adult"
          ]
        }
      },
      "minecraft:on_tame": {
        "sequence": [
          {
            "remove": {
              "component_groups": [
                "minecraft:ocelot_wild"
              ]
            }
          },
          {
            "add": {
              "component_groups": [
                "minecraft:ocelot_tame"
              ]
            }
          },
          {
            "randomize": [
              {
                "weight": 30,
                "add": {
                  "component_groups": [
                    "minecraft:ocelot_tabby"
                  ]
                }
              },
              {
                "weight": 30,
                "add": {
                  "component_groups": [
                    "minecraft:ocelot_tuxedo"
                  ]
                }
              },
              {
                "weight": 30,
                "add": {
                  "component_groups": [
                    "minecraft:ocelot_siamese"
                  ]
                }
              }
            ]
          }
        ]
      },
      "minecraft:on_leash": {
        "add": {
          "component_groups": [
            "minecraft:ocelot_leashed"
          ]
        }
      },
      "minecraft:on_unleash": {
        "remove": {
          "component_groups": [
            "minecraft:ocelot_leashed"
          ]
        }
      }
    }
  }
}
