{
  "minecraft:entity": {
    "format_version": "1.6.0",

    "component_groups": {
      "minecraft:slime_large": {
        "minecraft:collision_box": {
          "width": 1.04,
          "height": 1.04
        },
        "minecraft:health": {
          "value": 16,
          "max": 16
        },
        "minecraft:movement": {
          "value": 0.75
        },
        "minecraft:attack": {
          "damage": 6
        },
        "minecraft:loot": {
          "table": "loot_tables/entities/magma_cube.json"
        }
      },

      "minecraft:slime_medium": {
        "minecraft:collision_box": {
          "width": 0.78,
          "height": 0.78
        },
        "minecraft:health": {
          "value": 4,
          "max": 4
        },
        "minecraft:movement": {
          "value": 0.66
        },
        "minecraft:attack": {
          "damage": 4
        },
        "minecraft:loot": {
          "table": "loot_tables/entities/magma_cube.json"
        }
      },

      "minecraft:slime_small": {
        "minecraft:collision_box": {
          "width": 0.52,
          "height": 0.52
        },
        "minecraft:health": {
          "value": 1,
          "max": 1
        },
        "minecraft:movement": {
          "value": 0.6
        },
        "minecraft:attack": {
          "damage": 2
        }
      },

      "minecraft:slime_calm": {
        "minecraft:movement.jump": {
          "jump_delay": [ 2.0, 6.0 ]
        }
      },
      "minecraft:slime_aggressive": {
        "minecraft:movement.jump": {
          "jump_delay": [ 0.667, 2.0 ]
        }
      }
    },

    "components": {
      "minecraft:identifier": {
        "id": "minecraft:magma_cube"
      },
      "minecraft:type_family": {
        "family": [ "magmacube", "monster" ]
      },
      "minecraft:breathable": {
        "totalSupply": 15,
        "suffocateTime": 0,
        "breathesLava": true
      },
      "minecraft:nameable": {
      },
      "minecraft:fire_immune": true,
      "minecraft:burns_in_daylight": false,
      "minecraft:fall_damage": {
        "value": 0.0
      },
      "minecraft:navigation.walk": {
        "can_float": true,
        "avoid_water": true
      },
      "minecraft:jump.static": {
      },
      "minecraft:movement.jump": {
        "jump_delay": [ 2.0, 6.0 ]
      },
      "minecraft:can_climb": {
      },
      "minecraft:on_target_acquired": {
        "event": "minecraft:become_aggressive",
        "target": "self"
      },
      "minecraft:on_target_escape": {
        "event": "minecraft:become_calm",
        "target": "self"
      },
      "minecraft:behavior.slime_float": {
        "priority": 1
      },
      "minecraft:behavior.slime_attack": {
        "priority": 3
      },
      "minecraft:behavior.slime_random_direction": {
        "priority": 4
      },
      "minecraft:behavior.slime_keep_on_jumping": {
        "priority": 5
      },
      "minecraft:behavior.nearest_attackable_target": {
        "priority": 2,
        "within_radius": 16.0,
        "entity_types": [
          {
            "filters": {
              "test": "is_family",
              "subject": "other",
              "value": "player"
            },
            "max_dist": 16
          }
        ],
        "must_see": true
      },
	    "minecraft:physics": {
      }
    },

    "events": {
      "minecraft:entity_spawned": {
        "add": {
          "component_groups": [
            "minecraft:slime_calm"
          ]
        }
      },
      "minecraft:become_calm": {
        "add": {
          "component_groups": [
            "minecraft:slime_calm"
          ]
        }
      },
      "minecraft:become_aggressive": {
        "add": {
          "component_groups": [
            "minecraft:slime_aggressive"
          ]
        }
      }
    }
  }
}