{
    "content": [
        {
            "path": "manifest.json"
        },
        {
            "path": "holograms/hologram_hand_left.obj"
        },
        {
            "path": "holograms/hologram_hand_right.obj"
        },
        {
            "path": "holograms/hologram_icon_crosshair_white.obj"
        },
        {
            "path": "holograms/hologram_icon_cursor_white.obj"
        },
        {
            "path": "holograms/hologram_icon_tv_white.obj"
        },
        {
            "path": "holograms/hologram_icon_world.obj"
        },
        {
            "path": "holograms/hologram_livingroom_frame.obj"
        },
        {
            "path": "holograms/hologram_livingroom_table.obj"
        },
        {
            "path": "holograms/hologram_VR_livingroom.obj"
        },
        {
            "path": "texts/bg_BG.lang"
        },
        {
            "path": "texts/cs_CZ.lang"
        },
        {
            "path": "texts/da_DK.lang"
        },
        {
            "path": "texts/de_DE.lang"
        },
        {
            "path": "texts/el_GR.lang"
        },
        {
            "path": "texts/en_GB.lang"
        },
        {
            "path": "texts/en_US.lang"
        },
        {
            "path": "texts/es_ES.lang"
        },
        {
            "path": "texts/es_MX.lang"
        },
        {
            "path": "texts/fi_FI.lang"
        },
        {
            "path": "texts/fr_CA.lang"
        },
        {
            "path": "texts/fr_FR.lang"
        },
        {
            "path": "texts/hu_HU.lang"
        },
        {
            "path": "texts/id_ID.lang"
        },
        {
            "path": "texts/it_IT.lang"
        },
        {
            "path": "texts/ja_JP.lang"
        },
        {
            "path": "texts/ko_KR.lang"
        },
        {
            "path": "texts/languages.json"
        },
        {
            "path": "texts/language_names.json"
        },
        {
            "path": "texts/nb_NO.lang"
        },
        {
            "path": "texts/nl_NL.lang"
        },
        {
            "path": "texts/pl_PL.lang"
        },
        {
            "path": "texts/pt_BR.lang"
        },
        {
            "path": "texts/pt_PT.lang"
        },
        {
            "path": "texts/ru_RU.lang"
        },
        {
            "path": "texts/sk_SK.lang"
        },
        {
            "path": "texts/sv_SE.lang"
        },
        {
            "path": "texts/tr_TR.lang"
        },
        {
            "path": "texts/uk_UA.lang"
        },
        {
            "path": "texts/zh_CN.lang"
        },
        {
            "path": "texts/zh_TW.lang"
        },
        {
            "path": "textures/hologram_fence_RGB.png"
        },
        {
            "path": "textures/hologram_hands.png"
        },
        {
            "path": "textures/hologram_icon_white.png"
        },
        {
            "path": "textures/hologram_VR_living_room.png"
        },
        {
            "path": "textures/hologram_wall_RGBA.png"
        },
        {
            "path": "textures/textures_list.json"
        },
        {
            "path": "textures/ui/title.png"
        },
        {
            "path": "ui/vr_alignscreen.json"
        },
        {
            "path": "ui/vr_scheme_screen.json"
        },
        {
            "path": "ui/_ui_defs.json"
        }
    ]
}
